,precision,recall,f1-score,support
Outros,0.9659090909090909,0.9444444444444444,0.9550561797752809,90.0
1,0.6842105263157895,1.0,0.8125,13.0
2,0.9090909090909091,0.8333333333333334,0.8695652173913043,12.0
3,0.9,0.6923076923076923,0.782608695652174,13.0
accuracy,0.9140625,0.9140625,0.9140625,0.9140625
macro avg,0.8648026315789473,0.8675213675213675,0.8549325232046897,128.0
weighted avg,0.9252784838516747,0.9140625,0.9150488424371032,128.0
