,precision,recall,f1-score,support
Outros,0.9090909090909091,1.0,0.9523809523809523,90.0
1,1.0,0.7692307692307693,0.8695652173913043,13.0
2,0.9,0.75,0.8181818181818182,12.0
3,1.0,0.6923076923076923,0.8181818181818182,13.0
accuracy,0.921875,0.921875,0.921875,0.921875
macro avg,0.9522727272727273,0.8028846153846154,0.8645774515339734,128.0
weighted avg,0.9267045454545454,0.921875,0.9177592108977978,128.0
