,precision,recall,f1-score,support
Outros,0.9166666666666666,0.9777777777777777,0.946236559139785,90.0
1,0.8571428571428571,0.9230769230769231,0.8888888888888888,13.0
2,1.0,0.75,0.8571428571428571,12.0
3,1.0,0.6923076923076923,0.8181818181818182,13.0
accuracy,0.921875,0.921875,0.921875,0.921875
macro avg,0.9434523809523809,0.8357905982905982,0.8776125308383373,128.0
weighted avg,0.9268973214285714,0.921875,0.9190540921891729,128.0
