,precision,recall,f1-score,support
Outros,0.9032258064516129,0.9333333333333333,0.9180327868852459,90.0
1,0.7692307692307693,0.7692307692307693,0.7692307692307693,13.0
2,0.9,0.75,0.8181818181818182,12.0
3,0.75,0.6923076923076923,0.72,13.0
accuracy,0.875,0.875,0.875,0.875
macro avg,0.8306141439205955,0.7862179487179488,0.8063613435744583,128.0
weighted avg,0.8737525201612902,0.875,0.8734463487332339,128.0
